Coordinate,Person,Name,GP,A,C,G,T,CountA,CountC,CountG,CountT,total,d
5261,1,SRR2146923,non-coding,0.9104,0.0016,0.0782,0.0065,559,1,48,4,614,1767
7028,1,SRR2146923,non-coding,0.9301,0.0000,0.0532,0.0156,892,0,51,15,959,1115
8143,1,SRR2146923,non-coding,0.0634,0.0026,0.0026,0.9314,96,4,4,1411,1515,458
8601,1,SRR2146923,non-coding,0.8864,0.1033,0.0052,0.0052,515,60,3,3,581,458
12416,1,SRR2146923,non-coding,0.0006,0.9432,0.0006,0.0556,4,6509,4,384,6901,604
13020,1,SRR2146923,non-coding,0.1522,0.0010,0.8458,0.0009,892,6,4958,5,5862,604
22402,1,SRR2146923,non-coding,0.0275,0.8861,0.0752,0.0100,69,2226,189,25,2512,10
22412,1,SRR2146923,non-coding,0.1075,0.8893,0.0013,0.0013,638,5278,8,8,5935,10
31184,1,SRR2146923,non-coding,0.9330,0.0026,0.0009,0.0635,1073,3,1,73,1150,333
31517,1,SRR2146923,non-coding,0.8486,0.1460,0.0040,0.0010,3436,591,16,4,4049,333
31949,1,SRR2146923,non-coding,0.0007,0.0599,0.0013,0.9375,1,91,2,1425,1520,432
34971,1,SRR2146923,non-coding,0.0003,0.0501,0.9479,0.0013,2,299,5662,8,5973,3022
38006,1,SRR2146923,non-coding,0.7239,0.2734,0.0012,0.0006,3521,1330,6,3,4864,2049
40055,1,SRR2146923,non-coding,0.0004,0.0008,0.0511,0.9477,2,4,271,5024,5301,5
40060,1,SRR2146923,non-coding,0.0536,0.0017,0.9431,0.0011,289,9,5087,6,5394,5
40083,1,SRR2146923,non-coding,0.0012,0.0557,0.9428,0.0004,6,283,4792,2,5083,18
40101,1,SRR2146923,non-coding,0.0576,0.9416,0.0004,0.0004,300,4902,2,2,5206,18
40156,1,SRR2146923,non-coding,0.0014,0.0016,0.0635,0.9336,7,8,320,4708,5043,55
40241,1,SRR2146923,non-coding,0.0009,0.0006,0.0778,0.9207,5,3,416,4920,5344,11
40252,1,SRR2146923,non-coding,0.0004,0.0011,0.0793,0.9193,2,6,428,4964,5400,11
40287,1,SRR2146923,non-coding,0.0011,0.9247,0.0004,0.0737,6,5208,2,415,5632,1
40288,1,SRR2146923,non-coding,0.9147,0.0087,0.0754,0.0012,5169,49,426,7,5651,1
40371,1,SRR2146923,non-coding,0.0025,0.0704,0.0018,0.9253,15,427,11,5612,6065,83
40674,1,SRR2146923,non-coding,0.0008,0.0004,0.0752,0.9235,4,2,399,4902,5308,258
40932,1,SRR2146923,non-coding,0.0681,0.0002,0.9300,0.0015,369,1,5038,8,5417,48
40980,1,SRR2146923,non-coding,0.0011,0.9293,0.0688,0.0005,6,5089,377,3,5476,22
41002,1,SRR2146923,non-coding,0.0695,0.0004,0.9290,0.0010,353,2,4721,5,5082,22
41076,1,SRR2146923,non-coding,0.0004,0.0708,0.0004,0.9284,2,367,2,4811,5182,18
41094,1,SRR2146923,non-coding,0.0002,0.0013,0.9253,0.0729,1,7,4821,380,5210,18
41124,1,SRR2146923,non-coding,0.0009,0.0729,0.0004,0.9258,5,416,2,5280,5703,30
41163,1,SRR2146923,non-coding,0.9277,0.0000,0.0715,0.0009,5374,0,414,5,5793,3
41166,1,SRR2146923,non-coding,0.0003,0.0711,0.0005,0.9280,2,415,3,5413,5833,3
41181,1,SRR2146923,non-coding,0.0020,0.9203,0.0010,0.0764,12,5395,6,448,5862,15
41270,1,SRR2146923,non-coding,0.0005,0.0005,0.9303,0.0685,3,3,5393,397,5797,9
41279,1,SRR2146923,non-coding,0.0007,0.0000,0.9304,0.0689,4,0,5520,409,5933,9
41303,1,SRR2146923,non-coding,0.0003,0.9305,0.0008,0.0682,2,5636,5,413,6057,7
41310,1,SRR2146923,non-coding,0.9303,0.0002,0.0690,0.0003,5686,1,422,2,6112,7
42495,1,SRR2146923,non-coding,0.0016,0.0064,0.7436,0.2468,1,4,467,155,628,803
43298,1,SRR2146923,non-coding,0.0000,0.0000,0.4619,0.5381,0,0,97,113,210,8
43306,1,SRR2146923,non-coding,0.2794,0.0294,0.0441,0.6471,19,2,3,44,68,8
45132,1,SRR2146923,non-coding,0.1389,0.0002,0.8599,0.0008,666,1,4124,4,4796,102
45234,1,SRR2146923,non-coding,0.9126,0.0054,0.0027,0.0793,679,4,2,59,744,102
50468,1,SRR2146923,non-coding,0.0007,0.9006,0.0005,0.0979,4,5254,3,571,5834,5234
64001,1,SRR2146923,non-coding,0.9405,0.0017,0.0033,0.0529,569,1,2,32,605,13533
81312,1,SRR2146923,non-coding,0.2424,0.7551,0.0012,0.0006,1196,3725,6,3,4933,1327
82639,1,SRR2146923,non-coding,0.0011,0.0594,0.0028,0.9367,2,106,5,1672,1785,1327
84336,1,SRR2146923,non-coding,0.7767,0.0023,0.0004,0.2207,2069,6,1,588,2664,1697
113985,1,SRR2146923,non-coding,0.3205,0.0000,0.0000,0.6795,25,0,0,53,78,5400
119385,1,SRR2146923,non-coding,0.8678,0.0020,0.0007,0.1287,1274,3,1,189,1468,4566
123951,1,SRR2146923,non-coding,0.1200,0.8772,0.0011,0.0017,551,4029,5,8,4593,4566
3655,2,SRR2146925,non-coding,0.9140,0.0803,0.0057,0.0000,478,42,3,0,523,463
4118,2,SRR2146925,non-coding,0.9233,0.0699,0.0023,0.0045,819,62,2,4,887,463
6743,2,SRR2146925,non-coding,0.0608,0.0000,0.9385,0.0007,172,0,2654,2,2828,285
7028,2,SRR2146925,non-coding,0.9145,0.0020,0.0591,0.0244,449,1,29,12,491,285
8582,2,SRR2146925,non-coding,0.0027,0.8420,0.0000,0.1553,1,309,0,57,367,2
8584,2,SRR2146925,non-coding,0.0006,0.9252,0.0000,0.0730,1,1546,0,122,1671,2
10099,2,SRR2146925,non-coding,0.0103,0.3795,0.0051,0.6051,2,74,1,118,195,1515
11673,2,SRR2146925,non-coding,0.8926,0.0000,0.0876,0.0198,540,0,53,12,605,725
12398,2,SRR2146925,non-coding,0.8450,0.0000,0.0000,0.1550,327,0,0,60,387,609
13007,2,SRR2146925,non-coding,0.9181,0.0075,0.0032,0.0711,852,7,3,66,928,609
16101,2,SRR2146925,non-coding,0.0023,0.0758,0.0000,0.9218,2,65,0,790,857,3094
22402,2,SRR2146925,non-coding,0.0303,0.9040,0.0548,0.0110,36,1073,65,13,1187,10
22412,2,SRR2146925,non-coding,0.1061,0.8914,0.0011,0.0014,297,2495,3,4,2799,10
28033,2,SRR2146925,non-coding,0.0000,0.4063,0.0000,0.5905,0,128,0,186,315,1621
29654,2,SRR2146925,non-coding,0.0041,0.1230,0.0082,0.8648,1,30,2,211,244,599
30253,2,SRR2146925,non-coding,0.0003,0.0003,0.0533,0.9458,1,1,181,3212,3396,4
30257,2,SRR2146925,non-coding,0.0000,0.0000,0.0886,0.9108,0,0,305,3135,3442,4
31184,2,SRR2146925,non-coding,0.9430,0.0000,0.0000,0.0570,563,0,0,34,597,333
31517,2,SRR2146925,non-coding,0.8474,0.1481,0.0030,0.0015,1671,292,6,3,1972,333
37814,2,SRR2146925,non-coding,0.9457,0.0524,0.0010,0.0005,3847,213,4,2,4068,192
38006,2,SRR2146925,non-coding,0.7266,0.2709,0.0008,0.0016,2698,1006,3,6,3713,192
40055,2,SRR2146925,non-coding,0.0003,0.0003,0.0591,0.9401,1,1,222,3532,3757,5
40060,2,SRR2146925,non-coding,0.0633,0.0008,0.9341,0.0011,241,3,3557,4,3808,5
40083,2,SRR2146925,non-coding,0.0021,0.0711,0.9257,0.0011,8,265,3451,4,3728,18
40101,2,SRR2146925,non-coding,0.0690,0.9296,0.0008,0.0006,250,3368,3,2,3623,18
40156,2,SRR2146925,non-coding,0.0003,0.0005,0.0808,0.9181,1,2,300,3407,3711,55
40241,2,SRR2146925,non-coding,0.0008,0.0008,0.0933,0.9052,3,3,369,3582,3957,11
40252,2,SRR2146925,non-coding,0.0005,0.0013,0.0919,0.9058,2,5,358,3530,3897,11
40287,2,SRR2146925,non-coding,0.0015,0.9172,0.0005,0.0809,6,3720,2,328,4056,1
40288,2,SRR2146925,non-coding,0.9056,0.0094,0.0835,0.0015,3653,38,337,6,4034,1
40371,2,SRR2146925,non-coding,0.0016,0.0977,0.0027,0.8979,7,438,12,4027,4485,83
40674,2,SRR2146925,non-coding,0.0005,0.0005,0.0948,0.9038,2,2,404,3852,4262,303
42495,2,SRR2146925,non-coding,0.0000,0.0000,0.8515,0.1485,0,0,304,53,357,1821
44977,2,SRR2146925,non-coding,0.0569,0.0004,0.0000,0.9423,157,1,0,2598,2757,257
45234,2,SRR2146925,non-coding,0.9037,0.0033,0.0000,0.0930,272,1,0,28,301,257
45874,2,SRR2146925,non-coding,0.1673,0.0056,0.0000,0.8234,90,3,0,443,538,640
50456,2,SRR2146925,non-coding,0.0011,0.9220,0.0000,0.0769,4,3238,0,270,3512,12
50468,2,SRR2146925,non-coding,0.0017,0.7262,0.0006,0.2712,6,2546,2,951,3506,12
54842,2,SRR2146925,non-coding,0.0054,0.2612,0.0000,0.7317,3,146,0,409,559,4374
60632,2,SRR2146925,non-coding,0.0000,0.0695,0.0053,0.9198,0,13,1,172,187,130
60762,2,SRR2146925,non-coding,0.0030,0.0592,0.0059,0.9290,1,20,2,314,338,130
60982,2,SRR2146925,non-coding,0.8617,0.0029,0.0000,0.1326,299,1,0,46,347,220
62116,2,SRR2146925,non-coding,0.0766,0.0000,0.0000,0.9234,173,0,0,2086,2259,9
62125,2,SRR2146925,non-coding,0.0671,0.0008,0.0004,0.9316,158,2,1,2192,2353,9
63741,2,SRR2146925,non-coding,0.9130,0.0000,0.0000,0.0870,63,0,0,6,69,1616
65935,2,SRR2146925,non-coding,0.0036,0.3011,0.0000,0.6953,2,168,0,388,558,2194
70557,2,SRR2146925,non-coding,0.8580,0.1414,0.0007,0.0000,2561,422,2,0,2985,66
70623,2,SRR2146925,non-coding,0.7875,0.0082,0.2016,0.0027,289,3,74,1,367,66
72209,2,SRR2146925,non-coding,0.1300,0.0072,0.0018,0.8610,72,4,1,477,554,1586
81312,2,SRR2146925,non-coding,0.0604,0.9392,0.0000,0.0004,153,2378,0,1,2532,610
81922,2,SRR2146925,non-coding,0.1982,0.0046,0.0046,0.7927,87,2,2,348,439,610
82640,2,SRR2146925,non-coding,0.0000,0.0793,0.0011,0.9196,0,70,1,812,883,718
113996,2,SRR2146925,non-coding,0.9403,0.0000,0.0000,0.0597,126,0,0,8,134,10
114006,2,SRR2146925,non-coding,0.1707,0.0000,0.0000,0.8293,14,0,0,68,82,10
114021,2,SRR2146925,non-coding,0.4444,0.0000,0.0000,0.5556,4,0,0,5,9,15
114043,2,SRR2146925,non-coding,0.1423,0.0000,0.0000,0.8577,71,0,0,428,499,22
119386,2,SRR2146925,non-coding,0.8838,0.0000,0.0014,0.1148,616,0,1,80,697,4565
123951,2,SRR2146925,non-coding,0.1109,0.8880,0.0004,0.0007,307,2458,1,2,2768,4565
128794,2,SRR2146925,non-coding,0.0861,0.0022,0.0044,0.9029,39,1,2,409,453,4843
